INITIALIZATION
CREATE TABLE aggr_tbl(id int, num int, price float, addr char, birthday date);
SUCCESS

INSERT INTO aggr_tbl VALUES (1, 18, 10.0, 'abc', '2020-01-01');
SUCCESS
INSERT INTO aggr_tbl VALUES (2, 15, 20.0, 'abc', '2010-01-11');
SUCCESS
INSERT INTO aggr_tbl VALUES (3, 12, 30.0, 'def', '2021-01-21');
SUCCESS
INSERT INTO aggr_tbl VALUES (4, 15, 30.0, 'dei', '2021-01-31');
SUCCESS

1. COUNT
SELECT count(*) FROM aggr_tbl;
COUNT(*)
4

SELECT count(num) FROM aggr_tbl;
COUNT(NUM)
4

2. MIN
SELECT min(num) FROM aggr_tbl;
MIN(NUM)
12

SELECT min(price) FROM aggr_tbl;
MIN(PRICE)
10

SELECT min(addr) FROM aggr_tbl;
MIN(ADDR)
ABC

3. MAX
SELECT max(num) FROM aggr_tbl;
MAX(NUM)
18

SELECT max(price) FROM aggr_tbl;
MAX(PRICE)
30

SELECT max(addr) FROM aggr_tbl;
MAX(ADDR)
DEI

4. AVG
SELECT avg(num) FROM aggr_tbl;
AVG(NUM)
15

SELECT avg(price) FROM aggr_tbl;
AVG(PRICE)
22.5

5. ERROR WITH *
SELECT min(*) FROM aggr_tbl;
FAILURE
SELECT max(*) FROM aggr_tbl;
FAILURE
SELECT avg(*) FROM aggr_tbl;
FAILURE

6. ERROR WITH REDUNDANT COLUMNS
SELECT count(*,num) FROM aggr_tbl;
FAILURE
SELECT min(num,price) FROM aggr_tbl;
FAILURE
SELECT max(num,price) FROM aggr_tbl;
FAILURE
SELECT avg(num,price) FROM aggr_tbl;
FAILURE

7. ERROR WITH EMPTY COLUMNS
SELECT count() FROM aggr_tbl;
FAILURE
SELECT min() FROM aggr_tbl;
FAILURE
SELECT max() FROM aggr_tbl;
FAILURE
SELECT avg() FROM aggr_tbl;
FAILURE

8. ERROR WITH NON-EXISTENT COLUMNS
SELECT count(id2) FROM aggr_tbl;
FAILURE
SELECT min(id2) FROM aggr_tbl;
FAILURE
SELECT max(id2) FROM aggr_tbl;
FAILURE
SELECT avg(id2) FROM aggr_tbl;
FAILURE

9. SELECT MANY AGGREGATION
SELECT min(num),max(num),avg(num) FROM aggr_tbl;
MIN(NUM) | MAX(NUM) | AVG(NUM)
12 | 18 | 15
